FID,State_LGD,DISTRICT_L,District_1,STATE
0,24,673,MORBI,GUJARAT
1,24,438,AHMADABAD,GUJARAT
2,24,440,ANAND,GUJARAT
3,24,674,DEVBHUMI DWARKA,GUJARAT
4,24,447,JAMNAGAR,GUJARAT
5,24,449,KACHCHH,GUJARAT
6,24,443,BHAVNAGAR,GUJARAT
7,24,442,BHARUCH,GUJARAT
8,24,459,SURAT,GUJARAT
9,24,453,NAVSARI,GUJARAT
10,24,462,VALSAD,GUJARAT
11,23,667,AGAR MALWA,MADHYA PRADESH
12,9,118,AGRA,UTTAR PRADESH
13,8,86,AJMER,RAJASTHAN
14,32,554,ALAPPUZHA,KERALA
15,9,119,ALIGARH,UTTAR PRADESH
16,23,639,ALIRAJPUR,MADHYA PRADESH
17,5,45,ALMORA,UTTARAKHAND
18,8,87,ALWAR,RAJASTHAN
19,9,121,AMBEDKARNAGAR,UTTAR PRADESH
20,9,640,AMETHI,UTTAR PRADESH
21,9,154,AMROHA,UTTAR PRADESH
22,28,502,ANANTAPUR,ANDHRA PRADESH
23,21,344,ANUGUL,ODISHA
24,23,390,ANUPPUR,MADHYA PRADESH
25,24,672,ARAVALLI,GUJARAT
26,23,391,ASHOKNAGAR,MADHYA PRADESH
27,9,122,AURAIYA,UTTAR PRADESH
28,9,123,AZAMGARH,UTTAR PRADESH
29,9,133,BUDAUN,UTTAR PRADESH
30,29,524,BAGALKOT,KARNATAKA
31,5,46,BAGESHWAR,UTTARAKHAND
32,9,124,BAGHPAT,UTTAR PRADESH
33,9,125,BAHRAICH,UTTAR PRADESH
34,23,392,BALAGHAT,MADHYA PRADESH
35,21,345,BOLANGIR BALANGIR,ODISHA
36,21,346,BALASORE BALESHWAR,ODISHA
37,29,528,BALLARI,KARNATAKA
38,9,126,BALLIA,UTTAR PRADESH
39,22,646,BALOD,CHHATTISGARH
40,22,644,BALODA BAZAR,CHHATTISGARH
41,22,649,BALRAMPUR,CHHATTISGARH
42,9,127,BALRAMPUR,UTTAR PRADESH
43,24,441,BANAS KANTHA,GUJARAT
44,9,128,BANDA,UTTAR PRADESH
45,8,88,BANSWARA,RAJASTHAN
46,9,129,BARABANKI,UTTAR PRADESH
47,21,347,BARAGARH,ODISHA
48,8,89,BARAN,RAJASTHAN
49,9,130,BAREILLY,UTTAR PRADESH
50,8,90,BARMER,RAJASTHAN
51,23,393,BARWANI,MADHYA PRADESH
52,22,374,BASTAR,CHHATTISGARH
53,9,131,BASTI,UTTAR PRADESH
54,29,527,BELAGAVI,KARNATAKA
55,22,650,BEMETARA,CHHATTISGARH
56,29,526,BENGALURU RURAL,KARNATAKA
57,29,525,BENGALURU URBAN,KARNATAKA
58,23,394,BETUL,MADHYA PRADESH
59,9,179,BHADOHI,UTTAR PRADESH
60,21,348,BHADRAK,ODISHA
61,8,91,BHARATPUR,RAJASTHAN
62,8,92,BHILWARA,RAJASTHAN
63,23,395,BHIND,MADHYA PRADESH
64,23,396,BHOPAL,MADHYA PRADESH
65,29,529,BIDAR,KARNATAKA
66,22,636,BIJAPUR,CHHATTISGARH
67,9,132,BIJNOR,UTTAR PRADESH
68,8,93,BIKANER,RAJASTHAN
69,22,375,BILASPUR,CHHATTISGARH
70,22,734,GAURELA PENDRA MARWAHI,CHHATTISGARH
71,2,15,BILASPUR,HIMACHAL PRADESH
72,14,252,BISHNUPUR,MANIPUR
73,20,322,BOKARO,JHARKHAND
74,9,134,BULANDSHAHR,UTTAR PRADESH
75,8,94,BUNDI,RAJASTHAN
76,23,397,BURHANPUR,MADHYA PRADESH
77,7,77,CENTRAL,DELHI
78,29,531,CHAMARAJANAGAR,KARNATAKA
79,2,16,CHAMBA,HIMACHAL PRADESH
80,5,48,CHAMPAWAT,UTTARAKHAND
81,15,262,CHAMPHAI,MIZORAM
82,9,135,CHANDAULI,UTTAR PRADESH
83,14,253,CHANDEL,MANIPUR
84,4,44,CHANDIGARH,CHANDIGARH
85,20,323,CHATRA,JHARKHAND
86,23,398,CHHATARPUR,MADHYA PRADESH
87,23,399,CHHINDWARA,MADHYA PRADESH
88,24,668,CHHOTA UDEPUR,GUJARAT
89,29,630,CHIK BALLAPUR,KARNATAKA
90,29,532,CHIKKAMAGALURU,KARNATAKA
91,29,533,CHITRADURGA,KARNATAKA
92,9,136,CHITRAKOOT,UTTAR PRADESH
93,8,95,CHITTAURGARH,RAJASTHAN
94,28,503,CHITTOOR,ANDHRA PRADESH
95,14,254,CHURACHANDPUR,MANIPUR
96,8,96,CHURU,RAJASTHAN
97,28,504,Y S R KADAPA,ANDHRA PRADESH
98,21,350,CUTTACK,ODISHA
99,24,445,DAHOD,GUJARAT
100,29,534,DAKSHINA  KANNADA,KARNATAKA
101,38,463,DAMAN,DADRA NAGAR HAVELI DAMAN DIU
102,23,400,DAMOH,MADHYA PRADESH
103,24,444,DANGS,GUJARAT
104,22,376,DAKSHIN BASTAR DANTEWADA,CHHATTISGARH
105,23,401,DATIA,MADHYA PRADESH
106,8,97,DAUSA,RAJASTHAN
107,29,535,DAVANGERE,KARNATAKA
108,5,49,DEHRADUN,UTTARAKHAND
109,21,351,DEOGARH,ODISHA
110,9,137,DEORIA,UTTAR PRADESH
111,23,402,DEWAS,MADHYA PRADESH
112,16,269,DHALAI,TRIPURA
113,22,377,DHAMTARI,CHHATTISGARH
114,20,325,DHANBAD,JHARKHAND
115,23,403,DHAR,MADHYA PRADESH
116,9,140,AYODHYA,UTTAR PRADESH
117,20,324,DEOGHAR,JHARKHAND
118,29,536,DHARWAD,KARNATAKA
119,21,352,DHENKANAL,ODISHA
120,8,98,DHAULPUR,RAJASTHAN
121,23,404,DINDORI,MADHYA PRADESH
122,20,326,DUMKA,JHARKHAND
123,8,99,DUNGARPUR,RAJASTHAN
124,22,378,DURG,CHHATTISGARH
125,7,78,EAST,DELHI
126,11,225,EAST,SIKKIM
127,17,273,EAST GARO HILLS,MEGHALAYA
128,28,505,EAST GODAVARI,ANDHRA PRADESH
129,17,274,EAST KHASI HILLS,MEGHALAYA
130,23,405,EAST NIMAR,MADHYA PRADESH
131,32,555,ERNAKULAM,KERALA
132,9,138,ETAH,UTTAR PRADESH
133,9,139,ETAWAH,UTTAR PRADESH
134,9,141,FARRUKHABAD,UTTAR PRADESH
135,9,142,FATEHPUR,UTTAR PRADESH
136,9,143,FIROZABAD,UTTAR PRADESH
137,29,537,GADAG,KARNATAKA
138,21,353,GAJAPATI,ODISHA
139,21,354,GANJAM,ODISHA
140,20,328,GARHWA,JHARKHAND
141,22,645,GARIYABAND,CHHATTISGARH
142,9,144,GAUTAMBUDHNAGAR,UTTAR PRADESH
143,9,146,GAZIPUR,UTTAR PRADESH
144,9,145,GHAZIABAD,UTTAR PRADESH
145,24,675,GIR SOMNATH,GUJARAT
146,20,329,GIRIDIH,JHARKHAND
147,20,330,GODDA,JHARKHAND
148,16,654,GOMATI,TRIPURA
149,9,147,GONDA,UTTAR PRADESH
150,9,148,GORAKHPUR,UTTAR PRADESH
151,20,331,GUMLA,JHARKHAND
152,23,406,GUNA,MADHYA PRADESH
153,28,506,GUNTUR,ANDHRA PRADESH
154,23,407,GWALIOR,MADHYA PRADESH
155,2,17,HAMIRPUR,HIMACHAL PRADESH
156,9,149,HAMIRPUR,UTTAR PRADESH
157,8,101,HANUMANGARH,RAJASTHAN
158,9,661,HAPUR,UTTAR PRADESH
159,23,408,HARDA,MADHYA PRADESH
160,9,150,HARDOI,UTTAR PRADESH
161,5,50,HARIDWAR,UTTARAKHAND
162,29,539,HASSAN,KARNATAKA
163,9,163,HATHRAS,UTTAR PRADESH
164,29,540,HAVERI,KARNATAKA
165,20,332,HAZARIBAGH,JHARKHAND
166,23,409,HOSHANGABAD,MADHYA PRADESH
167,32,556,IDUKKI,KERALA
168,14,256,IMPHAL WEST,MANIPUR
169,23,410,INDORE,MADHYA PRADESH
170,23,411,JABALPUR,MADHYA PRADESH
171,21,355,JAGATSINGHPUR,ODISHA
172,8,102,JAIPUR,RAJASTHAN
173,8,103,JAISALMER,RAJASTHAN
174,21,356,JAJAPUR,ODISHA
175,9,151,JALAUN,UTTAR PRADESH
176,8,104,JALOR,RAJASTHAN
177,20,333,JAMTARA,JHARKHAND
178,22,379,JANJGIR CHAMPA,CHHATTISGARH
179,22,380,JASHPUR,CHHATTISGARH
180,9,152,JAUNPUR,UTTAR PRADESH
181,23,412,JHABUA,MADHYA PRADESH
182,8,105,JHALAWAR,RAJASTHAN
183,9,153,JHANSI,UTTAR PRADESH
184,21,357,JHARSUGUDA,ODISHA
185,8,106,JHUNJHUNUN,RAJASTHAN
186,8,107,JODHPUR,RAJASTHAN
187,24,448,JUNAGADH,GUJARAT
188,22,382,KABIRDHAM,CHHATTISGARH
189,29,538,KALABURAGI,KARNATAKA
190,21,358,KALAHANDI,ODISHA
191,21,359,KANDHAMAL,ODISHA
192,2,18,KANGRA,HIMACHAL PRADESH
193,22,381,UTTAR BASTAR KANKER,CHHATTISGARH
194,9,155,KANNAUJ,UTTAR PRADESH
195,32,557,KANNUR,KERALA
196,9,157,KANPUR,UTTAR PRADESH
197,9,156,KANPUR DEHAT,UTTAR PRADESH
198,34,598,KARAIKAL,PUDUCHERRY
199,8,108,KARAULI,RAJASTHAN
200,32,558,KASARAGOD,KERALA
201,9,633,KASGANJ,UTTAR PRADESH
202,23,413,KATNI,MADHYA PRADESH
203,9,158,KAUSHAMBI,UTTAR PRADESH
204,21,360,KENDRAPARHA,ODISHA
205,21,361,KEONJHAR (KENDUJHAR),ODISHA
206,9,159,KHERI,UTTAR PRADESH
207,21,362,KHORDHA,ODISHA
208,16,652,KHOWAI,TRIPURA
209,20,606,KHUNTI,JHARKHAND
210,8,100,GANGANAGAR,RAJASTHAN
211,17,657,EAST JAINTIA HILLS,MEGHALAYA
212,29,541,KODAGU,KARNATAKA
213,20,334,KODARMA,JHARKHAND
214,29,542,KOLAR,KARNATAKA
215,32,559,KOLLAM,KERALA
216,22,643,KONDAGAON,CHHATTISGARH
217,29,543,KOPPAL,KARNATAKA
218,21,363,KORAPUT,ODISHA
219,22,383,KORBA,CHHATTISGARH
220,22,384,KOREA,CHHATTISGARH
221,8,109,KOTA,RAJASTHAN
222,32,560,KOTTAYAM,KERALA
223,32,561,KOZHIKODE,KERALA
224,28,510,KRISHNA,ANDHRA PRADESH
225,2,20,KULLU,HIMACHAL PRADESH
226,28,511,KURNOOL,ANDHRA PRADESH
227,9,160,KUSHINAGAR,UTTAR PRADESH
228,31,553,LAKSHADWEEP,LAKSHADWEEP
229,9,161,LALITPUR,UTTAR PRADESH
230,20,335,LATEHAR,JHARKHAND
231,20,336,LOHARDAGA,JHARKHAND
232,9,162,LUCKNOW,UTTAR PRADESH
233,22,385,MAHASAMUND,CHHATTISGARH
234,34,599,MAHE,PUDUCHERRY
235,24,669,MAHISAGAR,GUJARAT
236,9,165,MAHOBA,UTTAR PRADESH
237,9,166,MAINPURI,UTTAR PRADESH
238,32,562,MALAPPURAM,KERALA
239,21,364,MALKANGIRI,ODISHA
240,29,544,MANDYA,KARNATAKA
241,2,22,MANDI,HIMACHAL PRADESH
242,23,415,MANDLA,MADHYA PRADESH
243,23,416,MANDSAUR,MADHYA PRADESH
244,9,167,MATHURA,UTTAR PRADESH
245,9,168,MAU,UTTAR PRADESH
246,21,365,MAYURBHANJ,ODISHA
247,9,169,MEERUT,UTTAR PRADESH
248,9,170,MIRZAPUR,UTTAR PRADESH
249,9,171,MORADABAD,UTTAR PRADESH
250,23,417,MORENA,MADHYA PRADESH
251,22,647,MUNGELI,CHHATTISGARH
252,9,172,MUZAFFARNAGAR,UTTAR PRADESH
253,29,545,MYSURU,KARNATAKA
254,21,366,NABARANGAPUR,ODISHA
255,8,110,NAGAUR,RAJASTHAN
256,5,51,NAINITAL,UTTARAKHAND
257,22,637,NARAINPUR,CHHATTISGARH
258,24,452,NARMADA,GUJARAT
259,23,418,NARSHIMAPURA,MADHYA PRADESH
260,21,367,NAYAGARH,ODISHA
261,28,515,POTTI SRIRAMULU NELLORE,ANDHRA PRADESH
262,7,79,NEW DELHI,DELHI
263,35,603,NICOBAR,ANDAMAN & NICOBAR
264,23,419,NIMACH,MADHYA PRADESH
265,7,80,NORTH,DELHI
266,11,226,NORTH,SIKKIM
267,35,632,NORTH MIDDLE ANDAMAN,ANDAMAN & NICOBAR
268,7,81,NORTH EAST,DELHI
269,30,551,NORTH GOA,GOA
270,16,270,NORTH TRIPURA,TRIPURA
271,7,82,NORTH WEST,DELHI
272,21,368,NUAPARHA,ODISHA
273,20,337,PAKUR,JHARKHAND
274,32,563,PALAKKAD,KERALA
275,20,338,PALAMU,JHARKHAND
276,8,111,PALI,RAJASTHAN
277,24,454,PANCH MAHALS,GUJARAT
278,23,420,PANNA,MADHYA PRADESH
279,20,343,WEST SINGHBHUM,JHARKHAND
280,32,564,PATTANAMTHITTA,KERALA
281,5,52,PAURI GARHWAL,UTTARAKHAND
282,9,173,PILIBHIT,UTTAR PRADESH
283,28,517,PRAKASAM,ANDHRA PRADESH
284,8,629,PRATAPGARH,RAJASTHAN
285,9,174,PRATAPGARH,UTTAR PRADESH
286,34,600,PUDUCHERRY,PUDUCHERRY
287,20,327,EAST SINGHBHUM,JHARKHAND
288,21,369,PURI,ODISHA
289,9,175,RAIBEARELI,UTTAR PRADESH
290,29,546,RAICHUR,KARNATAKA
291,22,386,RAIGARH,CHHATTISGARH
292,22,387,RAIPUR,CHHATTISGARH
293,23,421,RAISEN,MADHYA PRADESH
294,22,388,RAJ NANDGAON,CHHATTISGARH
295,23,422,RAJGARH,MADHYA PRADESH
296,8,112,RAJ SAMAND,RAJASTHAN
297,20,607,RAMGARH,JHARKHAND
298,29,631,RAMANAGARAM,KARNATAKA
299,9,176,RAMPUR,UTTAR PRADESH
300,20,339,RANCHI,JHARKHAND
301,23,423,RATLAM,MADHYA PRADESH
302,21,370,RAYAGARHA,ODISHA
303,23,424,REWA,MADHYA PRADESH
304,5,54,RUDRAPRAYAG,UTTARAKHAND
305,24,458,SABAR KANTHA,GUJARAT
306,23,425,SAGAR,MADHYA PRADESH
307,9,177,SAHARANPUR,UTTAR PRADESH
308,20,340,SAHIBGANJ,JHARKHAND
309,15,267,SAIHA,MIZORAM
310,21,371,SAMBALPUR,ODISHA
311,9,659,SAMBHAL,UTTAR PRADESH
312,9,178,SANTKABIRNAGAR,UTTAR PRADESH
313,20,341,SARAIKELA KHARSAWAN,JHARKHAND
314,23,426,SATNA,MADHYA PRADESH
315,8,113,SAWAI MADHOPUR,RAJASTHAN
316,23,427,SEHORE,MADHYA PRADESH
317,23,428,SEONI,MADHYA PRADESH
318,16,653,SEPAHIJALA,TRIPURA
319,7,671,SHAHADRA,DELHI
320,23,429,SHAHDOL,MADHYA PRADESH
321,9,180,SHAHJAHANPUR,UTTAR PRADESH
322,23,430,SHAJAPUR,MADHYA PRADESH
323,9,660,SHAMLI,UTTAR PRADESH
324,23,431,SHEOPUR,MADHYA PRADESH
325,2,23,SHIMLA,HIMACHAL PRADESH
326,29,547,SHIVAMOGGA,KARNATAKA
327,23,432,SHIVPURI,MADHYA PRADESH
328,9,181,SHRAWASTI,UTTAR PRADESH
329,9,182,SIDDHARTHNAGAR,UTTAR PRADESH
330,23,433,SIDHI,MADHYA PRADESH
331,8,114,SIKAR,RAJASTHAN
332,20,342,SIMDEGA,JHARKHAND
333,23,638,SINGRAULI,MADHYA PRADESH
334,2,24,SIRMAUR,HIMACHAL PRADESH
335,8,115,SIROHI,RAJASTHAN
336,9,183,SITAPUR,UTTAR PRADESH
337,2,25,SOLAN,HIMACHAL PRADESH
338,9,184,SONBHADRA,UTTAR PRADESH
339,7,83,SOUTH,DELHI
340,11,227,SOUTH,SIKKIM
341,35,602,SOUTH ANDAMAN,ANDAMAN & NICOBAR
342,17,277,SOUTH GARO HILLS,MEGHALAYA
343,30,552,SOUTH GOA,GOA
344,16,271,SOUTH TRIPURA,TRIPURA
345,7,84,SOUTH WEST,DELHI
346,28,519,SRIKAKULAM,ANDHRA PRADESH
347,21,372,SUBARNAPUR,ODISHA
348,22,642,SUKMA,CHHATTISGARH
349,9,185,SULTANPUR,UTTAR PRADESH
350,21,373,SUNDARGARH,ODISHA
351,22,648,SURAJPUR,CHHATTISGARH
352,22,389,SURGUJA,CHHATTISGARH
353,24,641,TAPI,GUJARAT
354,5,55,TEHRI GARHWAL,UTTARAKHAND
355,32,565,THIRUVANANTHAPURAM,KERALA
356,32,566,TRISSUR,KERALA
357,23,434,TIKAMGARH,MADHYA PRADESH
358,8,116,TONK,RAJASTHAN
359,29,548,TUMAKURU,KARNATAKA
360,8,117,UDAIPUR,RAJASTHAN
361,5,56,UDHAM SINGH NAGAR,UTTARAKHAND
362,29,549,UDUPI,KARNATAKA
363,23,435,UJJAIN,MADHYA PRADESH
364,23,436,UMARIA,MADHYA PRADESH
365,2,26,UNA,HIMACHAL PRADESH
366,9,186,UNNAO,UTTAR PRADESH
367,16,655,UNOKOTI,TRIPURA
368,29,550,UTTARA  KANNADA,KARNATAKA
369,24,461,VADODARA,GUJARAT
370,9,187,VARANASI,UTTAR PRADESH
371,23,437,VIDISHA,MADHYA PRADESH
372,29,530,VIJAYAPURA,KARNATAKA
373,28,520,VISAKHAPATNAM,ANDHRA PRADESH
374,28,521,VIZIANAGARAM,ANDHRA PRADESH
375,32,567,WAYANAD,KERALA
376,11,228,WEST,SIKKIM
377,7,85,WEST,DELHI
378,17,278,WEST GARO HILLS,MEGHALAYA
379,28,523,WEST GODAVARI,ANDHRA PRADESH
380,17,279,WEST KHASI HILLS,MEGHALAYA
381,23,414,WEST NIMAR,MADHYA PRADESH
382,16,272,WEST TRIPURA,TRIPURA
383,29,635,YADGIR,KARNATAKA
384,34,601,YANAM,PUDUCHERRY
385,21,349,BAUDH BAUDA,ODISHA
386,15,264,LAWNGTLAI,MIZORAM
387,15,268,SERCHHIP,MIZORAM
388,15,263,KOLASIB,MIZORAM
389,15,266,MAMIT,MIZORAM
390,15,265,LUNGLEI,MIZORAM
391,1, ,MIRPUR,JAMMU AND KASHMIR
392,1, ,MUZAFFARABAD,JAMMU AND KASHMIR
393,1,10,PUNCH,JAMMU AND KASHMIR
394,1,1,ANANTNAG,JAMMU AND KASHMIR
395,1,3,BARAMULA,JAMMU AND KASHMIR
396,1,7,KATHUA,JAMMU AND KASHMIR
397,1,14,UDHAMPUR,JAMMU AND KASHMIR
398,9,120,PRAYAGRAJ,UTTAR PRADESH
399,17,276,RI BHOI,MEGHALAYA
400,7,670,SOUTH EAST,DELHI
401,17,658,SOUTH WEST KHASI HILLS,MEGHALAYA
402,17,663,SOUTH WEST GARO HILLS,MEGHALAYA
403,17,656,NORTH GARO HILLS,MEGHALAYA
404,17,275,WEST JAINTIA HILLS,MEGHALAYA
405,15,261,AIZAWL,MIZORAM
406,1,2,BADGAM,JAMMU AND KASHMIR
407,1,623,BANDIPURA,JAMMU AND KASHMIR
408,1,626,GANDERBAL,JAMMU AND KASHMIR
409,1,622,KULGAM,JAMMU AND KASHMIR
410,1,8,KUPWARA,JAMMU AND KASHMIR
411,1,11,PULWAMA,JAMMU AND KASHMIR
412,1,12,RAJAURI,JAMMU AND KASHMIR
413,1,621,RAMBAN,JAMMU AND KASHMIR
414,1,627,RIASI,JAMMU AND KASHMIR
415,1,625,SHUPIYAN,JAMMU AND KASHMIR
416,1,13,SRINAGAR,JAMMU AND KASHMIR
417,37,9,LEH,LADAKH
418,37,6,KARGIL,LADAKH
419,1,620,KISHTWAR,JAMMU AND KASHMIR
420,1,4,DODA,JAMMU AND KASHMIR
421,1,624,SAMBA,JAMMU AND KASHMIR
422,14,255,IMPHAL EAST,MANIPUR
423,14,713,JIRIBAM,MANIPUR
424,23,722,NIVARI,MADHYA PRADESH
425,24,439,AMRELI,GUJARAT
426,38,464,DIU,DADRA NAGAR HAVELI DAMAN DIU
427,24,456,PORBANDAR,GUJARAT
428,24,457,RAJKOT,GUJARAT
429,24,460,SURENDRANAGAR,GUJARAT
430,24,676,BOTAD,GUJARAT
431,24,450,KHEDA,GUJARAT
432,24,451,MAHESANA,GUJARAT
433,24,446,GANDHINAGAR,GUJARAT
434,24,455,PATAN,GUJARAT
435,36,501,ADILABAD,TELANGANA
436,27,466,AHAMADNAGAR,MAHARASHTRA
437,27,467,AKOLA,MAHARASHTRA
438,19,664,ALIPUR DUAR,WEST BENGAL
439,27,468,AMARAVATI,MAHARASHTRA
440,6,58,AMBALA,HARYANA
441,3,27,AMRITSAR,PUNJAB
442,12,628,ANJAW,ARUNACHAL PRADESH
443,10,188,ARARIA,BIHAR
444,10,611,ARWAL,BIHAR
445,10,189,AURANGABAD,BIHAR
446,27,469,AURANGABAD,MAHARASHTRA
447,10,190,BANKA,BIHAR
448,19,305,BANKURA,WEST BENGAL
449,19,306,PURBA BARDDHAMAN,WEST BENGAL
450,3,605,BARNALA,PUNJAB
451,3,28,BATHINDA,PUNJAB
452,10,191,BEGUSARAI,BIHAR
453,10,200,KAIMUR,BIHAR
454,10,192,BHAGALPUR,BIHAR
455,27,471,BHANDARA,MAHARASHTRA
456,6,59,BHIWANI,HARYANA
457,10,193,BHOJPUR,BIHAR
458,27,470,BID,MAHARASHTRA
459,19,307,BIRBHUM,WEST BENGAL
460,27,472,BULDHANA,MAHARASHTRA
461,10,194,BUXAR,BIHAR
462,5,47,CHAMOLI,UTTARAKHAND
463,27,473,CHANDRAPUR,MAHARASHTRA
464,12,229,CHANGLANG,ARUNACHAL PRADESH
465,19,310,DAKSHIN DINAJPUR,WEST BENGAL
466,10,195,DARBHANGA,BIHAR
467,19,309,DARJILING,WEST BENGAL
468,27,474,DHULE,MAHARASHTRA
469,12,230,DIBANG VALLEY,ARUNACHAL PRADESH
470,13,613,PAREN,NAGALAND
471,12,231,EAST KAMENG,ARUNACHAL PRADESH
472,19,317,PURBA MEDINIPUR,WEST BENGAL
473,6,60,FARIDABAD,HARYANA
474,3,29,FARIDKOT,PUNJAB
475,6,61,FATEHABAD,HARYANA
476,3,30,FATEHGARH SAHIB,PUNJAB
477,3,651,FAZILKA,PUNJAB
478,3,31,FIROZPUR,PUNJAB
479,27,475,GADCHIROLI,MAHARASHTRA
480,10,196,GAYA,BIHAR
481,27,476,GONDIA,MAHARASHTRA
482,10,197,GOPALGANJ,BIHAR
483,3,32,GURDASPUR,PUNJAB
484,6,62,GURUGRAM,HARYANA
485,19,313,HAORA,WEST BENGAL
486,27,477,HINGOLI,MAHARASHTRA
487,6,63,HISAR,HARYANA
488,3,33,HOSHIARPUR,PUNJAB
489,19,312,HUGLI,WEST BENGAL
490,36,507,HYDERABAD,TELANGANA
491,10,199,JAHANABAD,BIHAR
492,3,34,JALANDHAR,PUNJAB
493,27,478,JALGAON,MAHARASHTRA
494,27,479,JALNA,MAHARASHTRA
495,19,314,JALPAIGURI,WEST BENGAL
496,10,198,JAMUI,BIHAR
497,6,64,JHAJJAR,HARYANA
498,6,65,JIND,HARYANA
499,6,66,KAITHAL,HARYANA
500,3,35,KAPURTHALA,PUNJAB
501,36,508,KARIMNAGAR,TELANGANA
502,6,67,KARNAL,HARYANA
503,10,201,KATIHAR,BIHAR
504,10,202,KHAGARIA,BIHAR
505,36,690,BHADRADRI KOTHAGUDEM,TELANGANA
506,2,19,KINNAUR,HIMACHAL PRADESH
507,14,260,UKHRUL,MANIPUR
508,13,248,PHEK,NAGALAND
509,10,203,KISHANGANJ,BIHAR
510,19,308,KOCH BIHAR,WEST BENGAL
511,27,480,KOLHAPUR,MAHARASHTRA
512,19,315,KOLKATA,WEST BENGAL
513,6,68,KURUKSHETRA,HARYANA
514,12,233,KURUNG KUMEY,ARUNACHAL PRADESH
515,2,21,LAHUL & SPITI,HIMACHAL PRADESH
516,10,204,LAKHISARAI,BIHAR
517,27,481,LATUR,MAHARASHTRA
518,12,234,LOHIT,ARUNACHAL PRADESH
519,12,235,LOWER DIBANG VALLEY,ARUNACHAL PRADESH
520,3,36,LUDHIANA,PUNJAB
521,10,205,MADHEPURA,BIHAR
522,10,206,MADHUBANI,BIHAR
523,36,512,MAHABUBNAGAR,TELANGANA
524,9,164,MAHARAJGANJ,UTTAR PRADESH
525,6,69,MAHENDRAGARH,HARYANA
526,19,316,MALDAH,WEST BENGAL
527,3,37,MANSA,PUNJAB
528,36,692,SIDDIPET,TELANGANA
529,6,604,MEWAT,HARYANA
530,3,38,MOGA,PUNJAB
531,13,250,WOKHA,NAGALAND
532,3,39,SRI MUKTSAR SAHIB,PUNJAB
533,27,482,MUMBAI CITY,MAHARASHTRA
534,10,207,MUNGER,BIHAR
535,19,319,MURSHIDABAD,WEST BENGAL
536,10,208,MUZAFFARPUR,BIHAR
537,19,320,NADIA,WEST BENGAL
538,27,484,NAGPUR,MAHARASHTRA
539,10,209,NALANDA,BIHAR
540,36,514,NALGONDA,TELANGANA
541,27,485,NANDED,MAHARASHTRA
542,27,486,NANDURBAR,MAHARASHTRA
543,27,487,NASHIK,MAHARASHTRA
544,10,210,NAWADA,BIHAR
545,3,40,SHAHID BHAGAT SINGH NAGAR,PUNJAB
546,36,516,NIZAMABAD,TELANGANA
547,19,303,NORTH TWENTY FOUR PARGANAS,WEST BENGAL
548,27,488,USMANABAD,MAHARASHTRA
549,27,665,PALGHAR,MAHARASHTRA
550,6,619,PALWAL,HARYANA
551,6,70,PANCHKULA,HARYANA
552,6,71,PANIPAT,HARYANA
553,12,237,PAPUMPARE,ARUNACHAL PRADESH
554,27,489,PARBHANI,MAHARASHTRA
555,10,211,PASHCHIMI CHAMPARAN,BIHAR
556,19,318,PASCHIM MEDINIPUR,WEST BENGAL
557,3,662,PATHANKOT,PUNJAB
558,3,41,PATIALA,PUNJAB
559,10,212,PATNA,BIHAR
560,5,53,PITHORAGARH,UTTARAKHAND
561,27,490,PUNE,MAHARASHTRA
562,10,213,PURBI CHAMPARAN,BIHAR
563,10,214,PURNIA,BIHAR
564,19,321,PURULIYA,WEST BENGAL
565,27,491,RAYGAD,MAHARASHTRA
566,36,518,RANGAREDDY,TELANGANA
567,27,492,RATNAGIRI,MAHARASHTRA
568,6,72,REWARI,HARYANA
569,6,73,ROHTAK,HARYANA
570,10,215,ROHTAS,BIHAR
571,3,42,RUPNAGAR,PUNJAB
572,10,216,SAHARSA,BIHAR
573,10,217,SAMASTIPUR,BIHAR
574,27,493,SANGLI,MAHARASHTRA
575,3,43,SANGRUR,PUNJAB
576,10,218,SARAN,BIHAR
577,3,608,SAS NAGAR SAHIBZADA AJIT SINGH NAGAR,PUNJAB
578,27,494,SATARA,MAHARASHTRA
579,14,257,SENAPATI,MANIPUR
580,10,219,SHEIKHPURA,BIHAR
581,10,220,SHEOHAR,BIHAR
582,27,495,SINDHUDURG,MAHARASHTRA
583,6,74,SIRSA,HARYANA
584,10,221,SITAMARHI,BIHAR
585,10,222,SIWAN,BIHAR
586,27,496,SOLAPUR,MAHARASHTRA
587,6,75,SONIPAT,HARYANA
588,19,304,SOUTH TWENTY FOUR PARGANAS,WEST BENGAL
589,27,483,SUB URBAN MUMBAI,MAHARASHTRA
590,10,223,SUPAUL,BIHAR
591,14,258,TAMENGLONG,MANIPUR
592,3,609,TARN TARAN,PUNJAB
593,12,238,TAWANG,ARUNACHAL PRADESH
594,27,497,THANE,MAHARASHTRA
595,14,259,THOUBAL,MANIPUR
596,12,239,TIRAP,ARUNACHAL PRADESH
597,14,717,KAMJONG,MANIPUR
598,12,240,UPPER SIANG,ARUNACHAL PRADESH
599,12,241,UPPER SUBANSIRI,ARUNACHAL PRADESH
600,19,311,UTTAR DINAJPUR,WEST BENGAL
601,5,57,UTTARKASHI,UTTARAKHAND
602,10,224,VAISHALI,BIHAR
603,36,720,MULUGU,TELANGANA
604,27,498,WARDHA,MAHARASHTRA
605,27,499,WASHIM,MAHARASHTRA
606,12,242,WEST KAMENG,ARUNACHAL PRADESH
607,12,719,LOWER SIANG,ARUNACHAL PRADESH
608,6,76,YAMUNANAGAR,HARYANA
609,27,500,YAVATMAL,MAHARASHTRA
610,13,244,DIMAPUR,NAGALAND
611,13,245,KOHIMA,NAGALAND
612,13,614,KIPHIRE,NAGALAND
613,13,251,ZUNHEBOTO,NAGALAND
614,13,246,MOKOKCHUNG,NAGALAND
615,13,247,MON,NAGALAND
616,13,249,TUENSANG,NAGALAND
617,1,5,JAMMU,JAMMU AND KASHMIR
618,12,236,LOWER SUBANSIRI,ARUNACHAL PRADESH
619,13,615,LONGLENG,NAGALAND
620,14,714,NONEI,MANIPUR
621,14,715,PHERZAWL,MANIPUR
622,14,716,TENGNOUPAL,MANIPUR
623,14,712,KANGPOKPI,MANIPUR
624,14,711,KAKCHING,MANIPUR
625,6,701,CHARKHI DADRI,HARYANA
626,19,703,JHARGRAM,WEST BENGAL
627,19,704,PASCHIM BARDDHAMAN,WEST BENGAL
628,19,702,KALIMPONG,WEST BENGAL
629,36,695,JOGULAMBA GADWAL,TELANGANA
630,12,679,SIANG,ARUNACHAL PRADESH
631,12,243,WEST SIANG,ARUNACHAL PRADESH
632,12,725,SHI YOMI,ARUNACHAL PRADESH
633,12,724,LEPA RADA,ARUNACHAL PRADESH
634,12,723,PAKKE KESSANG,ARUNACHAL PRADESH
635,12,677,KRA DAADI,ARUNACHAL PRADESH
636,12,678,NAMSAI,ARUNACHAL PRADESH
637,12,718,KAMLE,ARUNACHAL PRADESH
638,36,699,KUMURAM BHEEM,TELANGANA
639,36,684,MANCHERIAL,TELANGANA
640,36,680,NIRMAL,TELANGANA
641,36,685,KAMAREDDY,TELANGANA
642,36,691,SANGAREDDY,TELANGANA
643,36,694,NAGARKURNOOL,TELANGANA
644,36,693,WANAPARTHY,TELANGANA
645,36,721,NARAYANPET,TELANGANA
646,36,698,VIKARABAD,TELANGANA
647,36,700,MEDCHAL MALKAJGIRI,TELANGANA
648,36,697,YADADRI BHUVANAGIRI,TELANGANA
649,36,696,SURYAPET,TELANGANA
650,36,509,KHAMMAM,TELANGANA
651,36,688,MAHABUBABAD,TELANGANA
652,36,689,JANGAON,TELANGANA
653,36,686,WARANGAL URBAN,TELANGANA
654,36,522,WARANGAL RURAL,TELANGANA
655,36,687,JAYASHANKAR BHUPALAPALLY,TELANGANA
656,36,682,PEDDAPALLI,TELANGANA
657,36,681,JAGTIAL,TELANGANA
658,36,683,RANJANNA SIRCILLA,TELANGANA
659,36,513,MEDAK,TELANGANA
660,12,232,EAST SIANG,ARUNACHAL PRADESH
661,12,666,LONGDING,ARUNACHAL PRADESH
662,33,610,ARIYALUR,TAMIL NADU
663,33,730,CHENGALPATTU,TAMIL NADU
664,33,568,CHENNAI,TAMIL NADU
665,33,569,COIMBATORE,TAMIL NADU
666,33,570,CUDDALORE,TAMIL NADU
667,33,571,DHARMAPURI,TAMIL NADU
668,33,572,DINDIGUL,TAMIL NADU
669,33,573,ERODE,TAMIL NADU
670,33,574,KANCHIPURAM,TAMIL NADU
671,33,729,KALLAKKURICHI,TAMIL NADU
672,33,575,KANYAKUMARI,TAMIL NADU
673,33,576,KARUR,TAMIL NADU
674,33,578,MADURAI,TAMIL NADU
675,33,587,NILGIRIS,TAMIL NADU
676,33,579,NAGAPATTINAM,TAMIL NADU
677,33,580,NAMAKKAL,TAMIL NADU
678,33,581,PERAMBALUR,TAMIL NADU
679,33,582,PUDUKKOTTAI,TAMIL NADU
680,33,583,RAMANATHAPURAM,TAMIL NADU
681,33,731,RANIPPETTAI,TAMIL NADU
682,33,584,SALEM,TAMIL NADU
683,33,585,SIVAGANGA,TAMIL NADU
684,33,588,TENI,TAMIL NADU
685,33,733,TENKASI,TAMIL NADU
686,33,586,THANJAVUR,TAMIL NADU
687,33,590,THIRUVARUR,TAMIL NADU
688,33,591,TIRUCHIRAPALLI,TAMIL NADU
689,33,592,TIRUNELVELI,TAMIL NADU
690,33,634,TIRUPPUR,TAMIL NADU
691,33,732,TIRUPPATTUR,TAMIL NADU
692,33,589,TIRUVALLUR,TAMIL NADU
693,33,593,TIRUVANNAMALAI,TAMIL NADU
694,33,594,TUTICORIN,TAMIL NADU
695,33,595,VELLORE,TAMIL NADU
696,33,596,VILLUPURAM,TAMIL NADU
697,33,597,VIRUDHUNAGAR,TAMIL NADU
698,33,577,KRISHNAGIRI,TAMIL NADU
699,38,465,DADRA & NAGAR HAVELI,DADRA NAGAR HAVELI DAMAN DIU
700,18,616,BAKSA,ASSAM
701,18,280,BARPETA,ASSAM
702,18,705,BISWANATH,ASSAM
703,18,281,BONGAIGAON,ASSAM
704,18,282,CACHAR,ASSAM
705,18,708,CHARAIDEO,ASSAM
706,18,612,CHIRANG,ASSAM
707,18,283,DARRANG,ASSAM
708,18,284,DHEMAJI,ASSAM
709,18,285,DHUBRI,ASSAM
710,18,286,DIBRUGARH,ASSAM
711,18,299,DIMA HASAO,ASSAM
712,18,287,GOALPARA,ASSAM
713,18,288,GOLAGHAT,ASSAM
714,18,289,HAILAKANDI,ASSAM
715,18,709,HOJAI,ASSAM
716,18,290,JORHAT,ASSAM
717,18,618,KAMRUP METRO,ASSAM
718,18,291,KAMRUP RURAL,ASSAM
719,18,292,KARBI ANGLONG,ASSAM
720,18,293,KARIMGANJ,ASSAM
721,18,294,KOKRAJHAR,ASSAM
722,18,295,LAKHIMPUR,ASSAM
723,18,706,MAJULI,ASSAM
724,18,296,MARIGAON,ASSAM
725,18,297,NAGAON,ASSAM
726,18,298,NALBARI,ASSAM
727,18,300,SIBSAGAR,ASSAM
728,18,301,SONITPUR,ASSAM
729,18,707,SOUTH SALMARA MANCACHAR,ASSAM
730,18,302,TINSUKIA,ASSAM
731,18,617,UDALGURI,ASSAM
732,18,710,WEST KARBI ANGLONG,ASSAM
